<?xml version="1.0" encoding="UTF-8"?>
<beans:beans xmlns="http://www.springframework.org/schema/mvc"
	xmlns:xsi="http://www.w3.org/2001/XMLSchema-instance"
	xmlns:beans="http://www.springframework.org/schema/beans"
	xmlns:context="http://www.springframework.org/schema/context"
	xsi:schemaLocation="http://www.springframework.org/schema/mvc https://www.springframework.org/schema/mvc/spring-mvc.xsd
		http://www.springframework.org/schema/beans https://www.springframework.org/schema/beans/spring-beans.xsd
		http://www.springframework.org/schema/context https://www.springframework.org/schema/context/spring-context.xsd">

	<!-- DispatcherServlet Context: defines this servlet's request-processing infrastructure -->
	
	<!-- Enables the Spring MVC @Controller programming model -->
	<annotation-driven />

	<!-- Handles HTTP GET requests for /resources/** by efficiently serving up static resources in the ${webappRoot}/resources directory -->
	<resources mapping="/resources/**" location="/resources/" />

	<!-- Resolves views selected for rendering by @Controllers to .jsp resources in the /WEB-INF/views directory -->
	<beans:bean class="org.springframework.web.servlet.view.InternalResourceViewResolver">
		<beans:property name="prefix" value="/WEB-INF/views/" />
		<beans:property name="suffix" value=".jsp" />
	</beans:bean>
	
	
	<beans:bean name="dataSource" class="org.springframework.jdbc.datasource.DriverManagerDataSource" >
		<beans:property name="driverClassName" value="oracle.jdbc.driver.OracleDriver" />
		<beans:property name="url" value="jdbc:oracle:thin:@127.0.0.1:1521:XE" />
		<beans:property name="username" value="scott" />
		<beans:property name="password" value="tiger" />
	</beans:bean>
	
	<beans:bean id="sqlSessionFactory" class="org.mybatis.spring.SqlSessionFactoryBean">
		<beans:property name="dataSource" ref="dataSource" />
		<!-- MyBatis 설정 파일의 위치를 지정합니다. -->
		<beans:property name="configLocation" value="classpath:/mybatis-config.xml" />
		<beans:property name="mapperLocations" value="classpath:/sqlmap/*.xml" />
	</beans:bean>
	
	<beans:bean id="sqlSession" class="org.mybatis.spring.SqlSessionTemplate">
		<beans:constructor-arg index="0" ref="sqlSessionFactory" />
	</beans:bean>
	
	<beans:bean id="multipartResolver"
		class="org.springframework.web.multipart.commons.CommonsMultipartResolver">
		<beans:property name="maxUploadSize" value="10485760"></beans:property>
	</beans:bean>
	
	<!-- 업로드된 파일의 저장 위치 지정 -->
	<beans:bean id="uploadPath" class="java.lang.String">
		<beans:constructor-arg value="C:\\Users\\Data\\Desktop\\Spring\\Handas\\Handas_ex1\\src\\main\\webapp\\resources\\images" />
	</beans:bean>
	
	<context:component-scan base-package="com.spring.handas" />
	
</beans:beans>
